Marca temporal;Seudónimo;Sexo;¿Cuál es su edad?;¿Cuál es su peso en kilogramos?;¿Cuál es su estatura en centímetros?;¿Usted procede de la zona urbana del área metropolitana o de una zona más rural o fuera del GAM?;¿En algún momento de su vida ha realizado trabajo remunerado?;¿Cuál es su categoría de beca socioeconómica?;Durante su permanencia en la UCR, ¿ha cursado o cursa otra carrera diferente de Estadística?;¿Cuántas personas viven regularmente en su hogar en total?;¿Cuál fue su PRIMERA nota de admisión en la UCR?;¿Cuál es su promedio ponderado total?;¿En cuántas carreras se encuentra empadronado (a)?;Por lo general, ¿usted estudia de día, de noche o ambos?;¿Cuál es el nivel de escolaridad del jefe de hogar de su familia?;¿Usted estudió en un colegio público, privado o semi-privado?;¿Cuántas horas a la semana invierte en la realización de actividades de ocio?;Durante el último mes, ¿ha gastado dinero en alguna de las siguientes actividades o servicios?;De las actividades mencionadas, ¿en cuál es en la que usted invierte más tiempo? ;De las actividades mencionadas, ¿en cuál es en la que usted invierte menos tiempo? ;Durante un mes ordinario, ¿cuánto dinero cree usted que gasta en actividades recreativas?;Por lo general, ¿prefiere usted realizar actividades recreativas con otras personas o solo (a)?;En una escala del 1 al 5, en la cual 1 significa que no son importantes y 5 que son muy importantes, ¿qué tan importantes cree usted que son las actividades recreativas en el diario vivir?;¿Cuántos días a la semana (en promedio) dedica a realizar alguna actividad física? ;¿Cuánto tiempo por semana en promedio (en horas) dedica a realizar alguna actividad física?;¿Cuál es la principal razón por la que usted realiza actividad física?;¿Cuál tipo de actividad física realiza con más frecuencia?;¿Usted realiza la actividad física principal por voluntad propia o alguien lo (a) motivó a hacerlo?;¿Cuánto tiempo (en horas) permance sentado (a) por día en promedio?;¿Con qué frecuencia escucha música?;¿Qué género musical escuchaba con más frecuencia cuando tenía entre 13 a 19 años?;¿Qué género musical escucha con más frecuencia actualmente?;De las siguientes características, marque todas aquellas con las que se puede sentir identificado (a) como descripción de su personalidad:;¿Usted toca o ha tocado algún instrumento musical;¿Qué tan importante es la música en su vida cotidiana?      ;¿Con qué frecuencia escucha música mientras realiza actividades académicas (estudiar, realizar trabajos o tareas, reuniones en grupo) ;¿Quién ha sido la principal influencia en cuanto a sus gustos musicales?;¿Cuál de los siguientes campos en donde se utilizan la estadística le gustaría más desempeñarse? ;¿Cuántas veces ha creado un marco muestral?;¿Cuántas veces ha calculado tamaños de muestra?;¿Cuántas veces ha creado cuestionarios?;¿Cuántas veces ha realizado diseños experimentales?;¿Cuántas veces ha sido asistente de un curso de Estadística?;¿Cuántas veces ha dado clases de estadística a personas de otras carreras/universidades?;¿Cuántas veces ha hecho reportes con estadística inferencial a partir de una base de datos dada?;¿Cuántas veces ha hecho reportes con estadísticas descriptivas a partir de una base de datos dada?;¿Cuántas veces ha creado indicadores?;¿Cuántas veces ha realizado trabajos referente a manejo de bases de datos?;¿Cual fue su nota fnal del curso Modelos Probabilisticos Discretos?;¿Cual fue su nota fnal del curso Modelos Probabilisticos Continuos?;¿Cual fue su nota fnal del curso Teoría Estadística?;¿Cual fue su nota fnal del curso Estadística Computacional I?;¿Cual fue su nota fnal del curso Estadística Computacional 2?;¿Cual fue su nota fnal del curso Sistemas de Información?;¿Cual fue su nota fnal del curso Métodos Estadísticos?;¿Cual fue su nota fnal del curso Modelos de Regresión Aplicados?;¿Cual fue su nota fnal del curso Principios de Diseños Experimentales?;¿Cual fue su nota fnal del curso Aplicaciones de Diseños Experimentales?;¿Cual fue su nota fnal del curso Principios y Técnicas de Muestreo?;¿Cual fue su nota fnal del curso Diseño de Encuestas por Muestreo?;Buscar información sobre el problema de estudio.;Generar la estrategia para extraer los datos y crear los instrumentos de recolección.;Seleccionar las técnicas estadísticas que mejor se ajustan al problema.;Hacer el código en el paquete estadístico;Interpretar (gráficos, resultados pruebas de hipótesis, cuadros, intervalos de confianza) ;Determinar cómo se van a visualizar los resultados y el orden en que se van a presentar.;Redacción (introducción, discusión, conclusiones…);Revisar detalles estéticos  (mejorar la presentación de los gráficos, cuadros);Comparar los resultados obtenidos con lo que decía la bibliografía;¿En el último año cuántos teléfonos inteligentes adquirieron en su hogar?;¿En el último año cuántos televisores de alta definición (HD) adquirieron en su hogar?;¿En el último año cuántas cámaras digitales o gopro adquirieron en su hogar?;¿En el último año cuántas computadoras portátiles o tabletas adquirieron en su hogar?;¿En el último año cuántas computadoras de escritorio adquirieron en su hogar?;¿En el último año cuántos electrodomésticos de línea blanca  adquirieron en su hogar?;¿Cuántas veces al mes come usted en algún restaurante en promedio?  ;¿Considera ir al cine como una de sus actividades favoritas?;En el último mes, ¿cuántas veces asistió al cine? ;Con respecto a la actividad del cine, ¿cuál es la cadena de cines de su preferencia?;Al asistir al cine, ¿cuál formato de película es de su preferencia?;Al ir al cine, ¿qué tanta importancia le da a la duración para ver una película?;Drama;Comedia;Acción;Ciencia ficción;Fantasía;Terror;Romance;Musical;Melodrama;Suspenso;¿En promedio cuántos tiempos de comida realiza Usted al día (incluyendo meriendas)? ;¿Lleva Usted un control con un nutricionista?;Pan, cereal, arroz, pasta;Verduras;Frutas;Lácteos (leche, yogurt, queso);Proteínas (carne, pollo, pescado, huevos);Dulces;Frituras;Agua (vasos 250ml);Bebidas alcohólicas;Comida chatarra (pizza, hamburguesas, helados...)? ;¿En cuáles redes sociales tiene usted un perfil? ;En general, ¿cuál es la red social en la que más invierte su tiempo?;¿Para qué usa usted las redes sociales? ;¿Usted acepta todas las solicitudes de amistad que recibe?;¿Usted cree que puede correr peligros con las redes sociales?;¿Suele publicar fotos de usted en las redes sociales?;¿Cuántas horas al día en promedio dedica para revisar todas las redes sociales en las que tiene un perfil?;¿Cuál es la opción que mejor describe el uso en de redes sociales en las que usted posee un perfil?
4/26/2017 10:11:25;P. Mestizo ;Masculino;22;73;170;Metropolitana y urbana;Pocos meses;5;Sólo Estadística;3;610;8;1;Noche;Secundaria completa;Público;Entre 4 y 10;Netflix o servicios similares, Cine o teatro, Visitas a parques nacionales o centros recreativos, Salidas con amigos;Salidas con amigos;Visitas a parques nacionales o centros recreativos;Entre 25000 y 50000 colones;Acompañado (a);4;1;1;Estar saludable;Actividades aeróbicas (correr, nadar);Por voluntad propia;8;5 o más veces por semana;Reggaetón;Géneros tropicales (bachata, salsa, merengue, etc);Alta autoestima, Creativo (a), Introvertido (a), Extrovertido (a);No;Muy importante;Bastantes veces;Otro;Minería de datos;0;2;2;2;4;2;1;1;1;1;9;7;8;9;9;9;9;7;8;8;7,5;9;80;60;60;20;60;50;50;60;60;Uno;Uno;Ninguna;Uno;Ninguna;Uno;5;Si;3;Cinemark;2D;No le importa;4;5;3;3;5;5;3;2;4;5;5;No;3;5;5;2;10;2;5;8;3;1;Facebook, Instagram, Snapchat;Snapchat;Para estar en contacto con amigos, Para conocer gente nueva;Acepto a mis amigos, y también a amigos de mis amigos, aunque no los conozca en persona;Sí, se puede correr algún peligro;Subo la mayoría de fotos que tengo;4;Suelo publicar y comentar más que los demás
4/26/2017 10:22:51;Lucky;Femenino;21;61;165;Metropolitana y urbana;Nunca;0;Sólo Estadística;5;641;8,3;1;Día;Universidad completa;Semi-privado;Más de 10;Netflix o servicios similares, Música (ya sea por medio de Spotify o servicios similares, medios físicos, conciertos…), Visitas a parques nacionales o centros recreativos, Salidas con amigos;Música (ya sea por medio de Spotify o servicios similares, medios físicos, conciertos…);Videojuegos;Entre 10000 y 25000 colones;Acompañado (a);5;4;3;Estar saludable;Actividades aeróbicas (correr, nadar);Por voluntad propia;6;5 o más veces por semana;Rock/Rock alternativo/Rock clásico;Rock/Rock alternativo/Rock clásico;Baja autoestima, Creativo (a), Introvertido (a), Sensible;Sí;Muy importante;Pocas veces;Sus amigos (as);Diseños experimentales;0;0;1;0;1;3;2;3;1;4;9;9,5;8,5;8,5;9;9;8;8;8,5;8,5;7,5;9;90;90;90;95;90;85;80;85;80;Dos;Dos;Ninguna;Tres;Ninguna;Tres;5;Si;0;Cinépolis;No tiene una preferencia;No le importa;5;5;2;2;4;5;5;3;4;5;5;No;28;10;15;14;35;2;1;35;0;1;Facebook, Instagram, Snapchat;Facebook;Para estar en contacto con amigos;Sólo acepto a amigos a los que ya conozco en persona;Sí, se puede correr algún peligro;Subo sólo algunas fotos, independientemente de quién salga en ellas;1;Suelo sólo ver lo que los demás publican
4/26/2017 10:33:23;Merpri;Femenino;22;60;159;No metropolitana o rural;Más de dos años;5;Sólo Estadística;4;535;76;1;Ambos;Primaria incompleta;Público;Más de 10;Cine o teatro, Visitas a parques nacionales o centros recreativos, Salidas con amigos;Netflix o servicios similares;Videojuegos;Entre 10000 y 25000 colones;Acompañado (a);5;0;0;No realiza ninguna actividad física;No realiza ninguna actividad física;No realiza ninguna actividad física;15;5 o más veces por semana;Otros;Otros;Alta autoestima, Creativo (a), Extrovertido (a), Se enoja con facilidad, Sensible, Pasivo (a);No;Poco importante;Bastantes veces;Su madre;Diseños experimentales;0;0;1;0;1;0;0;0;0;0;7;7;8,5;8;8;8;8,5;8,5;7;8;7;8,5;10;30;70;30;70;95;80;95;10;Tres;Ninguno;Ninguna;Ninguna;Ninguna;Dos;8;Si;2;CCM Cinemas;3D;No le importa;5;4;5;5;5;2;1;1;1;2;4;No;5;4;4;5;7;3;5;7;1;1;Facebook, Snapchat;Facebook;Para estar en contacto con amigos;En alguna ocasión he aceptado la solicitud de alguien a quien no conocía en persona;No estoy seguro (a);Subo sólo algunas fotos, independientemente de quién salga en ellas;4;Suelo ver más lo que publican los otros y en ocasiones comento algo
4/26/2017 10:34:52;Chi-cuadrado;Masculino;20;78;172;No metropolitana o rural;Pocos meses;5;Sólo Estadística;7;651,6;7,7;1;Ambos;Primaria completa;Semi-privado;Más de 10;Salidas con amigos;Salidas con amigos;No realizo ninguna;Entre 25000 y 50000 colones;Acompañado (a);4;1;2;Bajar de peso;Actividades aeróbicas (correr, nadar);Por voluntad propia;7;5 o más veces por semana;Electrónica;Otros;Baja autoestima, Creativo (a), Introvertido (a), Dócil, Se enoja con facilidad, Sensible, Pasivo (a);No;Muy importante;Pocas veces;Sus amigos (as);Minería de datos;2;1;2;4;2;2;0;2;0;2;7;7;8,5;7;7,5;8,5;9;7;7;7;7;9;30;80;70;0;90;50;50;80;15;Más de tres;Uno;Ninguna;Uno;Ninguna;Tres;1;Si;0;CCM Cinemas;2D;Le importa algo;3;4;5;5;5;5;1;1;1;4;4;No;21;15;12;3;8;2;9;25;1;4;Facebook, Twitter, Snapchat;Snapchat;Para estar en contacto con amigos, Para conocer gente nueva, Para ligar;Acepto a mis amigos, y también a amigos de mis amigos, aunque no los conozca en persona;Sí, se puede correr algún peligro;Sólo subo fotos en las que aparezco yo;8;Suelo ver más lo que publican los otros y en ocasiones comento algo
4/26/2017 10:43:23;Butters;Masculino;23;78;168;Metropolitana y urbana;Entre uno y dos años;0;Sólo Estadística;3;603;6,98;1;Noche;Universidad completa;Privado;Entre 4 y 10;Netflix o servicios similares, Música (ya sea por medio de Spotify o servicios similares, medios físicos, conciertos…), Cine o teatro, Visitas a parques nacionales o centros recreativos, Salidas con amigos;Salidas con amigos;Visitas a parques nacionales o centros recreativos;Más de 50000 colones;Acompañado (a);5;2;3;Recreación;Deporte;Por voluntad propia;7;1 o 2 veces por semana;Rock/Rock alternativo/Rock clásico;Clásica/ ópera/ instrumental;Creativo (a), Extrovertido (a), Dócil, Vago (a), Sensible, Desordenado (a);No;Poco importante;Pocas veces;Otro;Diseños experimentales;0;1;6;0;8;30;0;10;5;1;8;7;8;8;7,5;8;8;8,5;8;7,5;7;8;80;10;50;10;90;90;90;90;20;Más de tres;Uno;Uno;Más de tres;Ninguna;Ninguna;3;No sabe;1;Cinépolis;2D;Le importa algo;4;4;4;4;4;3;2;3;3;3;4;No;10;5;2;5;14;1;3;12;1;5;Facebook, Instagram, Snapchat;Facebook;Otras;En alguna ocasión he aceptado la solicitud de alguien a quien no conocía en persona;No estoy seguro (a);Subo sólo algunas fotos, independientemente de quién salga en ellas;4;Suelo ver más lo que publican los otros y en ocasiones comento algo
4/26/2017 10:50:20;Fénix;Femenino;23;55;160;No metropolitana o rural;Entre uno y dos años;0;Sólo Estadística;5;703;75;1;Ambos;Universidad completa;Privado;Entre 4 y 10;Cine o teatro, Visitas a parques nacionales o centros recreativos, Salidas con amigos;Cine o teatro;Netflix o servicios similares;Entre 25000 y 50000 colones;Acompañado (a);4;2,3;12,92;Recreación;Deporte;Por voluntad propia;9;5 o más veces por semana;Géneros tropicales (bachata, salsa, merengue, etc);Clásica/ ópera/ instrumental;Creativo (a), Introvertido (a);No;Muy importante;Bastantes veces;Otro;Diseños experimentales;0;2;0;3;0;0;0;2;0;4;8;8;7;7,5;8;7,5;7,5;7;7;7;7;8;70;80;70;80;70;50;60;80;50;Dos;Ninguno;Ninguna;Uno;Ninguna;Tres;15;Si;5;No tiene uno de preferencia;No tiene una preferencia;Le importa algo;5;3;4;2;3;1;2;1;2;3;5;No;10;14;12;2;14;2;4;28;0;3;Facebook, Instagram;Facebook;Para estar en contacto con amigos;Sólo acepto a amigos a los que ya conozco en persona;Sí, se puede correr algún peligro;Subo sólo algunas fotos, independientemente de quién salga en ellas;5;Suelo ver más lo que publican los otros y en ocasiones comento algo
4/26/2017 10:53:16;ML;Femenino;23;50;162;No metropolitana o rural;Pocos meses;5;Actualmente cursa otra carrera;5;560;8,3;2;Ambos;Universidad incompleta;Público;Menos de 4;Cine o teatro, Visitas a parques nacionales o centros recreativos, Salidas con amigos;Visitas a parques nacionales o centros recreativos;Videojuegos;Entre 10000 y 25000 colones;Acompañado (a);4;3;4;Recreación;Otra;Por voluntad propia;6;3 o 4 veces por semana;Géneros tropicales (bachata, salsa, merengue, etc);Géneros tropicales (bachata, salsa, merengue, etc);Alta autoestima, Creativo (a), Extrovertido (a), Sensible, Pasivo (a);Sí;Muy importante;Pocas veces;Sus amigos (as);Encuestas / censos;0;0;1;0;2;0;0;0;1;3;8,5;8,5;8,5;10;10;9;8,5;9;7;7;7;8,5;80;70;70;50;70;30;50;50;80;Tres;Ninguno;Ninguna;Ninguna;Ninguna;Uno;2;Si;0;Cine Magaly;2D;No le importa;3;4;1;4;5;1;4;4;1;1;5;No;21;14;8;12;14;4;3;19;1;1;Facebook, Instagram;Facebook;Otras;En alguna ocasión he aceptado la solicitud de alguien a quien no conocía en persona;Sí, se puede correr algún peligro;Subo sólo algunas fotos, independientemente de quién salga en ellas;3;Suelo ver más lo que publican los otros y en ocasiones comento algo
4/26/2017 11:00:16;Ororo;Femenino;26;58;170;No metropolitana o rural;Entre uno y dos años;5;Ya se graduó en otra carrera;4;590;7,5;1;Ambos;Universidad completa;Público;Más de 10;Netflix o servicios similares, Música (ya sea por medio de Spotify o servicios similares, medios físicos, conciertos…), Cine o teatro, Salidas con amigos;Netflix o servicios similares;Música (ya sea por medio de Spotify o servicios similares, medios físicos, conciertos…);Entre 25000 y 50000 colones;Acompañado (a);5;1;2;Estar saludable;Actividades aeróbicas (correr, nadar);Por voluntad propia;8;5 o más veces por semana;Otros;Otros;Baja autoestima, Creativo (a), Extrovertido (a), Vago (a), Desordenado (a);Sí;Muy importante;Pocas veces;Su padre;Enseñanza de la Estadística;1;1;5;0;1;9;1;4;0;3;8;7;8,5;7,5;9;9;7,5;8,5;7;7;7,5;9,5;85;85;70;60;85;75;85;85;85;Más de tres;Uno;Ninguna;Dos;Uno;Más de tres;3;Si;6;Cinemark;2D;No le importa;4;2;5;5;5;3;4;4;4;5;4;No;7;5;7;3;7;3;2;40;1;2;Facebook;Facebook;Para estar en contacto con amigos, Para contactar con amigos a los que hace tiempo que no ve;Acepto a mis amigos, y también a amigos de mis amigos, aunque no los conozca en persona;Sí, se puede correr algún peligro;Subo sólo algunas fotos, independientemente de quién salga en ellas;1;Suelo ver más lo que publican los otros y en ocasiones comento algo
4/26/2017 11:17:15;Camryn;Femenino;21;55;160;No metropolitana o rural;Pocos meses;5;Sólo Estadística;1;640;9,38;1;Noche;Secundaria incompleta;Semi-privado;Menos de 4;Música (ya sea por medio de Spotify o servicios similares, medios físicos, conciertos…), Cine o teatro, Salidas con amigos;Música (ya sea por medio de Spotify o servicios similares, medios físicos, conciertos…);Videojuegos;Entre 10000 y 25000 colones;Acompañado (a);4;2;6;Otra;Otra;Motivación de otra persona;12;5 o más veces por semana;Reggaetón;Géneros tropicales (bachata, salsa, merengue, etc);Alta autoestima, Extrovertido (a), Dócil, Sensible, Desordenado (a);No;Muy importante;Pocas veces;Sus hermanos (as);Minería de datos;0;1;2;0;0;30;0;2;0;0;9,5;10;10;9,5;10;9,5;10;9,5;9,5;10;8,5;9,5;90;40;90;95;90;85;70;10;90;Ninguno;Uno;Ninguna;Ninguna;Ninguna;Uno;1;Si;1;No tiene uno de preferencia;No tiene una preferencia;No le importa;5;5;1;3;2;1;5;1;1;4;4;No;7;2;1;1;3;1;0;28;0;2;Facebook, Twitter;Facebook;Para estar en contacto con amigos, Para contactar con amigos a los que hace tiempo que no ve;Sólo acepto a amigos a los que ya conozco en persona;Sí, se puede correr algún peligro;Subo sólo algunas fotos, independientemente de quién salga en ellas;1;Suelo sólo ver lo que los demás publican
4/26/2017 11:24:36;XS-2017;Masculino;24;94;188;No metropolitana o rural;Más de dos años;3;Actualmente cursa otra carrera;4;625;8,07;2;Noche;Universidad incompleta;Público;Más de 10;Cine o teatro, Salidas con amigos;Salidas con amigos;Visitas a parques nacionales o centros recreativos;Entre 25000 y 50000 colones;Acompañado (a);4;3;3;Bajar de peso;Deporte;Por voluntad propia;12;5 o más veces por semana;Rock/Rock alternativo/Rock clásico;Rock/Rock alternativo/Rock clásico;Alta autoestima, Vago (a), Desordenado (a);No;Poco importante;Bastantes veces;Sus amigos (as);Automatizar procesos estadísticos mediante programación;0;2;0;1;4;20;0;3;1;6;9,5;9;8,5;9,5;9;8;9,5;9;9,5;7;7;9;50;90;90;100;80;80;10;50;75;Tres;Dos;Ninguna;Ninguna;Ninguna;Uno;5;No sabe;1;No tiene uno de preferencia;3D;No le importa;3;4;4;4;3;2;2;1;1;3;5;No;21;21;14;4;21;3;3;35;5;2;Facebook, Instagram, Twitter, Snapchat, Telegram;Facebook;Para estar en contacto con amigos, Para contactar con amigos a los que hace tiempo que no ve;Acepto a mis amigos, y también a amigos de mis amigos, aunque no los conozca en persona;Sí, se puede correr algún peligro;Subo sólo algunas fotos, independientemente de quién salga en ellas;3;Suelo ver más lo que publican los otros y en ocasiones comento algo
4/26/2017 12:21:15;CeJota;Masculino;24;77;171;Metropolitana y urbana;Entre uno y dos años;5;Sólo Estadística;4;512;7,68;1;Noche;Primaria completa;Público;Entre 4 y 10;Cine o teatro, Salidas con amigos;Música (ya sea por medio de Spotify o servicios similares, medios físicos, conciertos…);Cine o teatro;Entre 10000 y 25000 colones;Acompañado (a);3;3;2,5;Estar saludable;Trabajos de fuerza (levantar peso);Por voluntad propia;3;5 o más veces por semana;Reggae;Rock/Rock alternativo/Rock clásico;Introvertido (a), Sensible, Desordenado (a), Pasivo (a);Sí;Muy importante;Nunca;Otro familiar;Diseños experimentales;0;0;2;0;0;3;0;4;3;0;7;7,5;7,5;8,5;7,5;9;8,5;8,5;7;8;7;8;85;70;85;60;80;75;90;50;90;Uno;Ninguno;Ninguna;Ninguna;Ninguna;Uno;4;No;0;Cinépolis;No tiene una preferencia;Le importa algo;4;2;2;4;4;1;1;1;1;2;4;No;7;5;4;3;5;1;1;7;0;1;Facebook;Facebook;Otras;Sólo acepto a amigos a los que ya conozco en persona;Sí, se puede correr algún peligro;Subo sólo algunas fotos, independientemente de quién salga en ellas;1;Suelo ver más lo que publican los otros y en ocasiones comento algo
4/26/2017 12:37:38;Squanchy;Masculino;27;83;171;Metropolitana y urbana;Más de dos años;0;Sólo Estadística;3;615;6,87;1;Ambos;Universidad completa;Privado;Más de 10;Música (ya sea por medio de Spotify o servicios similares, medios físicos, conciertos…), Cine o teatro, Visitas a parques nacionales o centros recreativos, Salidas con amigos;Videojuegos;Cine o teatro;Entre 25000 y 50000 colones;Acompañado (a);5;1;1;Bajar de peso;Deporte;Por voluntad propia;11;5 o más veces por semana;Metal;Electrónica;Alta autoestima, Extrovertido (a), Vago (a), Sensible, Desordenado (a);Sí;Muy importante;Bastantes veces;Otro;Encuestas / censos;0;3;0;0;3;0;0;60;0;2;7;7;7;8,5;8;7;8;6;7;7;7;8,5;60;70;40;30;60;65;100;90;80;Uno;Ninguno;Ninguna;Uno;Uno;Ninguna;12;Si;1;Cinépolis;3D;No le importa;3;3;4;5;5;3;1;1;1;2;3;No;15;12;5;6;18;3;1;1;0;1;Facebook, Instagram, Snapchat, Otra;Facebook;Para estar en contacto con amigos, Para conocer gente nueva, Para ligar, Otras;En alguna ocasión he aceptado la solicitud de alguien a quien no conocía en persona;Sí, se puede correr algún peligro;Subo sólo algunas fotos, independientemente de quién salga en ellas;2;Suelo ver más lo que publican los otros y en ocasiones comento algo
4/26/2017 12:40:14;J Raynor ;Masculino;28;70;173;Metropolitana y urbana;Pocos meses;4;Actualmente cursa otra carrera;3;793,9;7,93;2;Ambos;Universidad completa;Privado;Más de 10;Música (ya sea por medio de Spotify o servicios similares, medios físicos, conciertos…), Cine o teatro, Salidas con amigos;Música (ya sea por medio de Spotify o servicios similares, medios físicos, conciertos…);Videojuegos;Más de 50000 colones;Acompañado (a);5;3;3;Estar saludable;Actividades aeróbicas (correr, nadar);Por voluntad propia;6;5 o más veces por semana;Rock/Rock alternativo/Rock clásico;Rock/Rock alternativo/Rock clásico;Sensible;Sí;Muy importante;Bastantes veces;Otro;Diseños experimentales;0;0;1;0;0;1;0;1;0;1;80;75;85;90;90;90;80;80;75;80;75;85;100;90;80;70;80;90;100;80;100;Uno;Ninguno;Ninguna;Ninguna;Ninguna;Ninguna;2;Si;4;No tiene uno de preferencia;No tiene una preferencia;Le importa algo;4;3;4;5;5;2;2;2;1;3;4;No;14;14;14;1;1;1;0;60;2;1;Facebook;Facebook;Otras;En alguna ocasión he aceptado la solicitud de alguien a quien no conocía en persona;Sí, se puede correr algún peligro;Nunca subo fotos mías o de mis amigos;0;Suelo ver más lo que publican los otros y en ocasiones comento algo
4/26/2017 12:41:42;Corredor X;Masculino;28;75;174;Metropolitana y urbana;Más de dos años;5;Actualmente cursa otra carrera;3;574;6,71;3;Ambos;Primaria incompleta;Público;Entre 4 y 10;Netflix o servicios similares, Música (ya sea por medio de Spotify o servicios similares, medios físicos, conciertos…), Salidas con amigos;Netflix o servicios similares;Salidas con amigos;Entre 10000 y 25000 colones;Solo (a);2;1;0,5;Estar saludable;Trabajos de fuerza (levantar peso);Por voluntad propia;10;5 o más veces por semana;Otros;Clásica/ ópera/ instrumental;Alta autoestima, Introvertido (a), Se enoja con facilidad;Sí;Muy importante;Bastantes veces;Otro;Automatizar procesos estadísticos mediante programación;0;0;0;0;20;15;13;13;2;19;8,5;8;7;7,5;8;9;8;9;7,5;8,5;7,5;8;90;70;100;100;90;70;80;50;70;Uno;Uno;Ninguna;Dos;Ninguna;Uno;0;No sabe;0;Cinépolis;2D;Le importa algo;1;1;1;4;4;1;1;1;1;2;2;No;5;5;4;5;4;1;1;7;1;1;Facebook, Twitter;Facebook;Necesidad laboral o profesional, Otras;Sólo acepto a amigos a los que ya conozco en persona;Sí, se puede correr algún peligro;Subo sólo algunas fotos, independientemente de quién salga en ellas;1;Suelo ver más lo que publican los otros y en ocasiones comento algo
4/26/2017 16:27:54;NCR;Masculino;25;63;168;No metropolitana o rural;Más de dos años;0;Sólo Estadística;7;690;9,5;Estadistica;Noche;Secundaria incompleta;Público;Entre 4 y 10;Netflix o servicios similares, Música (ya sea por medio de Spotify o servicios similares, medios físicos, conciertos…), Cine o teatro, Visitas a parques nacionales o centros recreativos, Salidas con amigos;Cine o teatro;Netflix o servicios similares;Entre 25000 y 50000 colones;Acompañado (a);5;2;4;Estar saludable;Deporte;Por voluntad propia;7;3 o 4 veces por semana;Otros;Otros;Alta autoestima, Creativo (a), Sensible, Pasivo (a);Sí;Muy importante;Bastantes veces;Sus hermanos (as);Minería de datos;1;2;2;1;6;10;50;50;5;1;9;10;10;8;9;8,5;9,5;9,5;9;9;9;9;90;90;90;90;90;90;90;90;90;Dos;Dos;Uno;Uno;Uno;Dos;4;Si;4;CCM Cinemas;3D;No le importa;5;5;4;5;4;4;3;1;3;4;3;No;7;7;7;7;7;2;2;7;1;1;Otra;Otra;Para estar en contacto con amigos, Para contactar con amigos a los que hace tiempo que no ve, Networking: posibilidad de hacer negocios, Necesidad laboral o profesional, Otras;Sólo acepto a amigos a los que ya conozco en persona;Sí, se puede correr algún peligro;Subo sólo algunas fotos, independientemente de quién salga en ellas;1;Suelo sólo ver lo que los demás publican
4/26/2017 16:46:12;Louie;Femenino;26;67;160;Metropolitana y urbana;Pocos meses;0;Ya se graduó en otra carrera;3;530;75;1;Ambos;Universidad completa;Público;Entre 4 y 10;Netflix o servicios similares, Música (ya sea por medio de Spotify o servicios similares, medios físicos, conciertos…), Salidas con amigos;Música (ya sea por medio de Spotify o servicios similares, medios físicos, conciertos…);Salidas con amigos;Entre 25000 y 50000 colones;Acompañado (a);5;0;0;No realiza ninguna actividad física;No realiza ninguna actividad física;No realiza ninguna actividad física;6;5 o más veces por semana;Electrónica;Electrónica;Creativo (a), Sensible, Desordenado (a);Sí;Muy importante;Siempre;Sus hermanos (as);Diseños experimentales;0;0;5;0;0;2;0;2;2;3;7;7,5;8;8;8,5;8;7,5;7;7,5;8;8,5;9;100;100;85;90;80;85;80;100;50;Uno;Ninguno;Ninguna;Uno;Ninguna;Ninguna;4;No;0;Cinépolis;3D;Le importa algo;5;5;2;4;2;1;3;1;1;2;5;No;14;10;8;12;8;4;2;28;0;1;Facebook, Instagram, Twitter, Snapchat, Otra;Instagram;Para estar en contacto con amigos, Para contactar con amigos a los que hace tiempo que no ve, Otras;Sólo acepto a amigos a los que ya conozco en persona;Sí, se puede correr algún peligro;Sólo subo fotos en las que aparezco yo;1;Suelo sólo ver lo que los demás publican
4/26/2017 17:48:30;Leia Skywalker;Femenino;22;50;159;Metropolitana y urbana;Entre uno y dos años;0;Sólo Estadística;4;542;8,2;1;Ambos;Secundaria incompleta;Privado;Entre 4 y 10;Netflix o servicios similares, Música (ya sea por medio de Spotify o servicios similares, medios físicos, conciertos…), Cine o teatro, Visitas a parques nacionales o centros recreativos, Salidas con amigos;Música (ya sea por medio de Spotify o servicios similares, medios físicos, conciertos…);Cine o teatro;Entre 25000 y 50000 colones;Acompañado (a);4;0;0;No realiza ninguna actividad física;No realiza ninguna actividad física;No realiza ninguna actividad física;10;5 o más veces por semana;Otros;Rock/Rock alternativo/Rock clásico;Creativo (a), Dócil, Sensible, Pasivo (a);Sí;Muy importante;Siempre;Sus hermanos (as);Minería de datos;1;1;2;0;2;3;10;2;0;0;7;8,5;8;9;8;9,5;9;9;7;7;8;9;80;85;80;96;97;80;100;83;20;Tres;Uno;Ninguna;Dos;Ninguna;Uno;5;Si;2;Cinemark;3D;No le importa;2;4;3;3;5;1;5;1;2;2;4;No;14;5;4;0;14;4;0;10;0;2;Facebook, Instagram, Snapchat;Facebook;Para estar en contacto con amigos, Para contactar con amigos a los que hace tiempo que no ve;Sólo acepto a amigos a los que ya conozco en persona;Sí, se puede correr algún peligro;Subo sólo algunas fotos, independientemente de quién salga en ellas;2;Suelo sólo ver lo que los demás publican
4/26/2017 18:18:32;Ralop;Masculino;21;75;170;Metropolitana y urbana;Nunca;0;Sólo Estadística;4;765;8,9;1;Ambos;Secundaria incompleta;Semi-privado;Más de 10;Salidas con amigos;Salidas con amigos;Netflix o servicios similares;Entre 10000 y 25000 colones;Acompañado (a);4;4;4;Estar saludable;Trabajos de fuerza (levantar peso);Por voluntad propia;12;5 o más veces por semana;Metal;Metal;Alta autoestima, Introvertido (a), Dócil, Vago (a), Sensible, Pasivo (a);Sí;Poco importante;Pocas veces;Sus amigos (as);Diseños experimentales;0;0;5;0;0;0;0;2;0;0;9,5;9,5;9;9,5;8,5;9,5;9,5;8,5;9,5;9;8;9;20;80;100;100;90;80;60;10;0;Ninguno;Ninguno;Ninguna;Ninguna;Ninguna;Ninguna;1;No;0;Cinépolis;2D;No le importa;3;4;5;4;4;2;1;1;1;2;5;No;24,5;3,5;7;31,5;28;2;7;42;0;2;Facebook;Facebook;Otras;Sí, siempre, aunque no sepa quién es;No, no se corre ningún peligro;Nunca subo fotos mías o de mis amigos;2;Suelo sólo ver lo que los demás publican
4/26/2017 18:20:19;Spinelli;Femenino;22;63;166;Metropolitana y urbana;Pocos meses;0;Sólo Estadística;5;629;7,88;1;Noche;Universidad incompleta;Privado;Entre 4 y 10;Netflix o servicios similares, Cine o teatro, Visitas a parques nacionales o centros recreativos, Salidas con amigos;Salidas con amigos;Visitas a parques nacionales o centros recreativos;Entre 25000 y 50000 colones;Acompañado (a);5;3;6;Recreación;Deporte;Por voluntad propia;10;5 o más veces por semana;Reggaetón;Otros;Alta autoestima, Creativo (a), Extrovertido (a), Se enoja con facilidad, Desordenado (a);Sí;Muy importante;Bastantes veces;Sus amigos (as);Minería de datos;0;0;1;0;1;0;0;0;0;0;7;7;8;8,5;8;9;8,5;7;7;7;7,5;9;100;50;80;60;75;100;100;100;100;Dos;Ninguno;Ninguna;Dos;Ninguna;Ninguna;6;Si;1;Cinépolis;2D;No le importa;5;5;5;5;4;2;5;3;4;3;4;No;17;4;1;9;15;4;3;8;1;2;Facebook, Instagram, Twitter, Snapchat, Telegram;Facebook;Para estar en contacto con amigos, Para contactar con amigos a los que hace tiempo que no ve, Networking: posibilidad de hacer negocios;Acepto a mis amigos, y también a amigos de mis amigos, aunque no los conozca en persona;Sí, se puede correr algún peligro;Subo sólo algunas fotos, independientemente de quién salga en ellas;5;Suelo ver más lo que publican los otros y en ocasiones comento algo
4/26/2017 18:26:55;Lilo;Femenino;26;58;170;No metropolitana o rural;Pocos meses;5;Actualmente cursa otra carrera;3;569;80;2;Noche;Primaria completa;Público;Entre 4 y 10;Música (ya sea por medio de Spotify o servicios similares, medios físicos, conciertos…), Cine o teatro, Salidas con amigos;Música (ya sea por medio de Spotify o servicios similares, medios físicos, conciertos…);Videojuegos;Entre 10000 y 25000 colones;Acompañado (a);4;0;0;No realiza ninguna actividad física;No realiza ninguna actividad física;No realiza ninguna actividad física;8;5 o más veces por semana;Rock/Rock alternativo/Rock clásico;Clásica/ ópera/ instrumental;Creativo (a), Sensible, Pasivo (a);Sí;Muy importante;Siempre;Sus hermanos (as);Minería de datos;0;0;0;0;0;0;1;1;0;5;8;7;8;9;8;9;8,5;7;8,5;8;7,5;9,5;90;60;70;60;95;100;100;100;100;Dos;Uno;Ninguna;Uno;Ninguna;Dos;8;Si;2;Cine Magaly;No tiene una preferencia;No le importa;4;4;4;5;4;2;2;1;4;5;4;No;10;5;5;7;4;4;3;4;2;3;Facebook;No usa redes sociales;Para estar en contacto con amigos;En alguna ocasión he aceptado la solicitud de alguien a quien no conocía en persona;No estoy seguro (a);Sólo subo fotos en las que aparezco yo;0;Suelo sólo ver lo que los demás publican
4/26/2017 18:28:46;Jor-El;Masculino;23;74;175;Metropolitana y urbana;Pocos meses;5;Sólo Estadística;5;536;7;2;Día;Secundaria completa;Público;Más de 10;Netflix o servicios similares, Música (ya sea por medio de Spotify o servicios similares, medios físicos, conciertos…), Cine o teatro, Visitas a parques nacionales o centros recreativos, Salidas con amigos;Salidas con amigos;Visitas a parques nacionales o centros recreativos;Entre 25000 y 50000 colones;Solo (a);5;3;5;Estar saludable;Deporte;Por voluntad propia;9;5 o más veces por semana;Reggae;Otros;Ninguna;Sí;Muy importante;Bastantes veces;Otro;Minería de datos;0;0;4;3;1;15;9;8;0;4;7,5;7;8;9;8,5;7;8;8;7;8;7;8;70;80;90;100;100;100;100;100;50;Dos;Ninguno;Ninguna;Ninguna;Ninguna;Dos;15;Si;3;Cinépolis;2D;No le importa;4;5;4;5;2;5;1;1;1;3;4;No;5;10;6;12;8;2;5;20;4;4;Facebook;Facebook;Otras;En alguna ocasión he aceptado la solicitud de alguien a quien no conocía en persona;Sí, se puede correr algún peligro;Nunca subo fotos mías o de mis amigos;3;Suelo sólo ver lo que los demás publican
4/26/2017 19:08:19;CYW;Femenino;24;50;158;Metropolitana y urbana;Pocos meses;5;Actualmente cursa otra carrera;4;560;8,12;2;Ambos;Secundaria incompleta;Público;Más de 10;Cine o teatro, Salidas con amigos;Salidas con amigos;Cine o teatro;Entre 25000 y 50000 colones;Acompañado (a);5;1;2;Otra;Actividades aeróbicas (correr, nadar);Motivación de otra persona;6;1 o 2 veces por semana;Géneros tropicales (bachata, salsa, merengue, etc);Otros;Baja autoestima, Introvertido (a), Dócil, Desordenado (a), Pasivo (a);No;Muy importante;Pocas veces;Otro familiar;Automatizar procesos estadísticos mediante programación;0;0;0;0;0;2;0;1;0;0;95;90;95;95;85;90;95;95;85;75;80;90;100;80;90;95;90;70;90;60;85;Dos;Ninguno;Ninguna;Dos;Ninguna;Uno;6;Si;2;No tiene uno de preferencia;3D;Le importa mucho;2;5;1;1;4;2;5;1;2;2;5;No;7;3;2;2;3;5;2;2;0;1;No usa redes sociales;No usa redes sociales;No usa redes sociales;No usa redes sociales;No usa redes sociales;No usa redes sociales;0;No usa redes sociales
4/26/2017 20:05:20;Grebor;Masculino;28;60;180;No metropolitana o rural;Pocos meses;0;Actualmente cursa otra carrera;2;580;7;1;Día;Universidad completa;Público;Más de 10;Netflix o servicios similares, Música (ya sea por medio de Spotify o servicios similares, medios físicos, conciertos…), Cine o teatro, Visitas a parques nacionales o centros recreativos, Salidas con amigos;Visitas a parques nacionales o centros recreativos;Música (ya sea por medio de Spotify o servicios similares, medios físicos, conciertos…);Entre 25000 y 50000 colones;Acompañado (a);5;0;0;No realiza ninguna actividad física;No realiza ninguna actividad física;No realiza ninguna actividad física;9,5;5 o más veces por semana;Otros;Otros;Baja autoestima, Introvertido (a), Dócil, Vago (a), Sensible, Pasivo (a);Sí;Muy importante;Bastantes veces;Sus amigos (as);Minería de datos;1;5;5;5;5;5;5;5;0;0;7;8;7;8,5;7;8;8;8;7;7;7,5;8;100;80;80;80;90;100;80;100;80;Más de tres;Dos;Ninguna;Dos;Ninguna;Ninguna;8;Si;2;Otro;2D;No le importa;5;3;3;5;5;1;5;2;1;3;4;No;12;5;7;4;5;5;3;56;1;2;Facebook, Instagram, Twitter, Snapchat, Tumblr, Otra;Instagram;Para estar en contacto con amigos;Acepto a mis amigos, y también a amigos de mis amigos, aunque no los conozca en persona;Sí, se puede correr algún peligro;Subo sólo algunas fotos, independientemente de quién salga en ellas;4;Suelo ver más lo que publican los otros y en ocasiones comento algo
4/26/2017 22:03:43;Ludichi;Masculino;22;55;173;Metropolitana y urbana;Nunca;5;Sólo Estadística;4;543;8,4;1;Ambos;Secundaria completa;Público;Más de 10;Videojuegos;Música (ya sea por medio de Spotify o servicios similares, medios físicos, conciertos…);Visitas a parques nacionales o centros recreativos;Menos de 5000 colones;Acompañado (a);5;0;0;No realiza ninguna actividad física;No realiza ninguna actividad física;No realiza ninguna actividad física;6;5 o más veces por semana;Rock/Rock alternativo/Rock clásico;Rock/Rock alternativo/Rock clásico;Introvertido (a), Sensible, Pasivo (a);Sí;Muy importante;Siempre;Sus hermanos (as);Depuración de bases de datos;0;0;1;0;0;3;0;1;0;1;9;7,5;8,5;9;8,5;9;9,5;7;8;8;7,5;8,5;90;94;95;12;99;81;99;19;40;Ninguno;Ninguno;Ninguna;Uno;Ninguna;Uno;1;Si;0;Cinemark;3D;Le importa algo;3;5;5;3;5;4;3;1;3;3;6;No;14;12;1;7;4;3;4;14;0;1;Facebook, Instagram, Twitter, Snapchat, Telegram;Instagram;Para estar en contacto con amigos, Otras;Sólo acepto a amigos a los que ya conozco en persona;Sí, se puede correr algún peligro;Sólo subo fotos en las que aparezco yo;1;Suelo ver más lo que publican los otros y en ocasiones comento algo
4/27/2017 0:02:04;Morningminero;Masculino;23;57;164;Metropolitana y urbana;Nunca;0;Sólo Estadística;5;581;8,1;1;Ambos;Primaria incompleta;Semi-privado;Más de 10;Salidas con amigos;Videojuegos;Cine o teatro;Entre 5000 y 10000 colones;Acompañado (a);5;4;2;Estar saludable;Actividades aeróbicas (correr, nadar);Por voluntad propia;14;1 o 2 veces por semana;Rock/Rock alternativo/Rock clásico;Rock/Rock alternativo/Rock clásico;Introvertido (a), Dócil, Pasivo (a);No;Poco importante;Pocas veces;Su padre;Automatizar procesos estadísticos mediante programación;0;2;2;2;5;0;1;4;1;2;7,5;7;7;8;9;9;8;8,5;8;8;8;8,5;80;77;73;90;88;91;90;84;78;Más de tres;Uno;Uno;Dos;Ninguna;Uno;4;Si;0;No tiene uno de preferencia;2D;Le importa mucho;5;5;4;4;3;2;3;1;3;5;5;No;21;8;6;4;12;8;4;27;0;3;Facebook;Facebook;Otras;Acepto a mis amigos, y también a amigos de mis amigos, aunque no los conozca en persona;No estoy seguro (a);Nunca subo fotos mías o de mis amigos;0,5;Suelo sólo ver lo que los demás publican
4/27/2017 0:10:49;F. Jaeger;Masculino;22;75;175;Metropolitana y urbana;Nunca;0;Sólo Estadística;3;7,62;8,18;1;Ambos;Universidad completa;Privado;Más de 10;Videojuegos, Cine o teatro, Visitas a parques nacionales o centros recreativos, Salidas con amigos;Videojuegos;Visitas a parques nacionales o centros recreativos;Entre 25000 y 50000 colones;Solo (a);5;0;0;No realiza ninguna actividad física;No realiza ninguna actividad física;No realiza ninguna actividad física;12;5 o más veces por semana;Rock/Rock alternativo/Rock clásico;Rock/Rock alternativo/Rock clásico;Baja autoestima, Introvertido (a), Dócil, Se enoja con facilidad, Pasivo (a);No;Muy importante;Siempre;Otro;Enseñanza de la Estadística;0;0;3;0;4;0;1;1;0;0;8,5;8,5;9;8;9;9,5;8,5;8,5;7;7;7;8,5;80;70;80;65;90;80;70;80;90;Dos;Ninguno;Ninguna;Uno;Ninguna;Ninguna;8;Si;3;No tiene uno de preferencia;2D;Le importa algo;3;4;4;5;5;1;3;2;3;3;3;No;15;13;3;7;12;1;4;4;2;3;Facebook, Instagram, Snapchat, Otra;Instagram;Para estar en contacto con amigos, Otras;Sólo acepto a amigos a los que ya conozco en persona;Sí, se puede correr algún peligro;Subo sólo algunas fotos, independientemente de quién salga en ellas;3;Suelo ver más lo que publican los otros y en ocasiones comento algo
4/27/2017 9:13:45;Millie;Femenino;23;78;170;No metropolitana o rural;Pocos meses;0;Actualmente cursa otra carrera;4;622;7,5;2;Ambos;Universidad completa;Semi-privado;Entre 4 y 10;Netflix o servicios similares, Cine o teatro;Netflix o servicios similares;Videojuegos;Menos de 5000 colones;Solo (a);4;1;1;Estar saludable;Actividades aeróbicas (correr, nadar);Por voluntad propia;7;5 o más veces por semana;Otros;Otros;Baja autoestima, Introvertido (a), Se enoja con facilidad, Sensible, Pasivo (a);No;Muy importante;Bastantes veces;Sus amigos (as);Minería de datos;0;0;0;0;0;1;0;0;0;0;8,5;8;7,5;8,5;8,5;8,5;8;7,5;7;7,5;7,5;8,5;75;60;50;70;75;70;90;80;75;Uno;Ninguno;Ninguna;Dos;Ninguna;Ninguna;3;Si;1;Cinépolis;2D;Le importa algo;2;1;3;4;5;1;2;2;3;3;5;No;10;5;7;7;5;7;2;20;3;0;Facebook, Twitter, Tumblr;Tumblr;Para estar en contacto con amigos, Para contactar con amigos a los que hace tiempo que no ve, Otras;Sólo acepto a amigos a los que ya conozco en persona;Sí, se puede correr algún peligro;Sólo subo fotos en las que aparezco yo;2;Suelo sólo ver lo que los demás publican
4/27/2017 22:25:39;Mandi;Femenino;23;55;168;Metropolitana y urbana;Pocos meses;5;Actualmente cursa otra carrera;6;648;9;2;Ambos;Secundaria incompleta;Semi-privado;Menos de 4;Música (ya sea por medio de Spotify o servicios similares, medios físicos, conciertos…), Cine o teatro, Salidas con amigos;Salidas con amigos;Videojuegos;Entre 10000 y 25000 colones;Acompañado (a);5;0;0;No realiza ninguna actividad física;No realiza ninguna actividad física;No realiza ninguna actividad física;12;3 o 4 veces por semana;Otros;Otros;Alta autoestima, Introvertido (a), Pasivo (a);No;Poco importante;Pocas veces;Otro;Automatizar procesos estadísticos mediante programación;0;0;0;3;3;2;1;4;0;4;9;10;10;10;9,5;9;9,5;9,5;9;9;8;9,5;100;100;100;100;100;100;100;100;100;Más de tres;Ninguno;Ninguna;Uno;Dos;Más de tres;3;Si;3;No tiene uno de preferencia;No tiene una preferencia;No le importa;2;3;5;5;3;4;3;1;1;4;3;No;3;5;3;7;7;3;3;2;0;2;Facebook;Facebook;Para estar en contacto con amigos;Sólo acepto a amigos a los que ya conozco en persona;Sí, se puede correr algún peligro;Subo sólo algunas fotos, independientemente de quién salga en ellas;2;Suelo sólo ver lo que los demás publican
4/28/2017 0:40:42;Araraquara;Femenino;24;67;173;Metropolitana y urbana;Pocos meses;0;Sólo Estadística;4;726;85;0;Ambos;Universidad completa;Privado;Más de 10;Cine o teatro, Visitas a parques nacionales o centros recreativos, Salidas con amigos;Visitas a parques nacionales o centros recreativos;Videojuegos;Entre 10000 y 25000 colones;Acompañado (a);4;4;5;Estar saludable;Otra;Por voluntad propia;5;5 o más veces por semana;Rock/Rock alternativo/Rock clásico;Rock/Rock alternativo/Rock clásico;Creativo (a), Introvertido (a), Sensible;No;Muy importante;Bastantes veces;Otro;Minería de datos;0;0;0;0;1;0;0;0;0;0;8;8;9,5;9,5;9,5;9,5;9,5;9,5;9,5;8,5;9;9;100;95;95;85;95;90;100;90;90;Más de tres;Ninguno;Ninguna;Uno;Ninguna;Tres;3;No;2;No tiene uno de preferencia;2D;No le importa;4;2;3;5;5;1;3;2;1;2;5;Sí;21;14;21;14;14;1;0;84;0;0,25;Facebook, Twitter, Otra;Facebook;Para estar en contacto con amigos, Para contactar con amigos a los que hace tiempo que no ve;Sólo acepto a amigos a los que ya conozco en persona;Sí, se puede correr algún peligro;Sólo subo fotos en las que aparezco yo;0,5;Suelo ver más lo que publican los otros y en ocasiones comento algo
4/28/2017 9:12:21;Sonic;Masculino;27;52;166;Metropolitana y urbana;Más de dos años;2;Sólo Estadística;2;564;67;1;Noche;Secundaria incompleta;Público;Entre 4 y 10;Netflix o servicios similares, Cine o teatro, Visitas a parques nacionales o centros recreativos, Salidas con amigos;Netflix o servicios similares;Salidas con amigos;Entre 10000 y 25000 colones;Acompañado (a);4;1;2;Recreación;Deporte;Por voluntad propia;10;5 o más veces por semana;Electrónica;Clásica/ ópera/ instrumental;Creativo (a), Introvertido (a), Desordenado (a), Pasivo (a);No;Poco importante;Bastantes veces;Otro;Enseñanza de la Estadística;3;2;5;5;6;40;6;10;1;5;7;7,5;8,5;7;7;7,5;7;7;7;7;7,5;8,5;70;80;75;80;80;40;50;40;30;Uno;Uno;Ninguna;Ninguna;Ninguna;Ninguna;12;No sabe;2;Cinépolis;2D;Le importa algo;1;4;4;3;2;5;1;1;1;5;5;No;8;6;8;3;6;2;1;30;1;2;Facebook, Instagram, Snapchat, Telegram, Otra;Facebook;Para estar en contacto con amigos, Para contactar con amigos a los que hace tiempo que no ve;En alguna ocasión he aceptado la solicitud de alguien a quien no conocía en persona;Sí, se puede correr algún peligro;Subo sólo algunas fotos, independientemente de quién salga en ellas;3;Suelo ver más lo que publican los otros y en ocasiones comento algo
4/28/2017 10:22:02;Shanks;Masculino;24;66;170;Metropolitana y urbana;Pocos meses;3;Actualmente cursa otra carrera;4;613;7,97;2;Ambos;Secundaria incompleta;Semi-privado;Más de 10;Videojuegos, Cine o teatro, Salidas con amigos;Salidas con amigos;Cine o teatro;Entre 25000 y 50000 colones;Acompañado (a);5;5;8;Estar saludable;Trabajos de fuerza (levantar peso);Por voluntad propia;6;5 o más veces por semana;Metal;Metal;Alta autoestima, Extrovertido (a), Se enoja con facilidad, Vago (a);Sí;Muy importante;Nunca;Sus amigos (as);Diseños experimentales;0;1;0;0;2;0;2;2;0;3;8,5;8;7;8,5;8;8,5;9;8,5;8;7;7;8,5;72;64;86;81;68;89;63;77;98;Tres;Dos;Ninguna;Ninguna;Ninguna;Dos;2;No;1;Cinépolis;3D;No le importa;2;3;2;1;5;5;1;2;1;4;5;No;21;12;10;7;21;0;0;67;4;0;Facebook, Instagram, Snapchat;Instagram;Para estar en contacto con amigos, Otras;Sólo acepto a amigos a los que ya conozco en persona;Sí, se puede correr algún peligro;Subo sólo algunas fotos, independientemente de quién salga en ellas;2;Suelo ver más lo que publican los otros y en ocasiones comento algo
4/28/2017 22:38:58;AAA;Femenino;25;63;167;Metropolitana y urbana;Nunca;0;Sólo Estadística;2;600;8;1;Ambos;Universidad completa;Público;Entre 4 y 10;Netflix o servicios similares, Música (ya sea por medio de Spotify o servicios similares, medios físicos, conciertos…), Cine o teatro, Salidas con amigos;Salidas con amigos;Videojuegos;Entre 10000 y 25000 colones;Acompañado (a);5;0;0;No realiza ninguna actividad física;No realiza ninguna actividad física;No realiza ninguna actividad física;15;3 o 4 veces por semana;Rock/Rock alternativo/Rock clásico;Reggae;Creativo (a), Introvertido (a), Vago (a), Sensible, Desordenado (a);No;Muy importante;Pocas veces;Otro;Diseños experimentales;0;0;0;0;0;0;0;0;0;0;7;9,5;8,5;7,5;7,5;8,5;8,5;8;7;8;8;8,5;90;80;80;95;90;95;95;85;80;Dos;Ninguno;Ninguna;Ninguna;Ninguna;Ninguna;6;Si;0;No tiene uno de preferencia;3D;No le importa;3;5;3;2;5;1;5;3;2;2;4;Sí;2;5;3;5;6;1;1;9;0;1;Facebook, Instagram, Snapchat, Telegram, Otra;Facebook;Para estar en contacto con amigos, Otras;Sólo acepto a amigos a los que ya conozco en persona;Sí, se puede correr algún peligro;Subo sólo algunas fotos, independientemente de quién salga en ellas;4;Suelo ver más lo que publican los otros y en ocasiones comento algo
4/29/2017 15:28:38;SMM_010;Masculino;20;87;173;Metropolitana y urbana;Pocos meses;0;Actualmente cursa otra carrera;2;695;8,26;3;Ambos;Universidad completa;Privado;Más de 10;Videojuegos, Netflix o servicios similares, Música (ya sea por medio de Spotify o servicios similares, medios físicos, conciertos…), Cine o teatro, Salidas con amigos;Salidas con amigos;Videojuegos;Entre 25000 y 50000 colones;Acompañado (a);5;3;3,5;Bajar de peso;Actividades aeróbicas (correr, nadar);Por voluntad propia;8;5 o más veces por semana;Metal;Otros;Baja autoestima, Extrovertido (a), Se enoja con facilidad, Vago (a), Sensible, Desordenado (a), Pasivo (a);Sí;Muy importante;Pocas veces;Su padre;Minería de datos;0;0;0;0;5;20;5;3;0;0;8,5;8,5;7;9,5;9;8,5;9;7,5;7,5;7;7,5;8,5;40;65;80;60;60;30;70;70;20;Dos;Uno;Uno;Uno;Ninguna;Más de tres;3;No;0;CCM Cinemas;2D;Le importa algo;4;4;4;4;4;4;2;4;1;4;4;Sí;18;12;6;6;18;4;4;25;4;1;Facebook, Instagram, Twitter, Snapchat, Telegram;Twitter;Para estar en contacto con amigos, Otras;En alguna ocasión he aceptado la solicitud de alguien a quien no conocía en persona;No estoy seguro (a);Subo sólo algunas fotos, independientemente de quién salga en ellas;5;Suelo sólo ver lo que los demás publican
4/29/2017 20:09:32;Baf;Masculino;24;71;172;No metropolitana o rural;Pocos meses;0;Actualmente cursa otra carrera;4;570;77,2;1;Ambos;Secundaria incompleta;Público;Entre 4 y 10;Salidas con amigos;Salidas con amigos;Netflix o servicios similares;Entre 10000 y 25000 colones;Acompañado (a);4;3;8;Estar saludable;Deporte;Por voluntad propia;8;5 o más veces por semana;Rock/Rock alternativo/Rock clásico;Rock/Rock alternativo/Rock clásico;Ninguna;No;Muy importante;Siempre;Sus amigos (as);Minería de datos;1;1;2;2;1;5;3;5;0;1;7;8;8;8;8;8;8,5;8;7;7;8,5;8,5;80;90;90;80;90;90;80;70;70;Dos;Tres;Ninguna;Uno;Ninguna;Dos;4;Si;1;Cinépolis;No tiene una preferencia;No le importa;1;4;5;3;1;4;1;1;3;4;5;No;7;7;7;2;7;3;2;7;1;1;Facebook, Instagram, Twitter, Snapchat;Twitter;Para estar en contacto con amigos, Para contactar con amigos a los que hace tiempo que no ve;Sólo acepto a amigos a los que ya conozco en persona;Sí, se puede correr algún peligro;Nunca subo fotos mías o de mis amigos;2;Suelo ver más lo que publican los otros y en ocasiones comento algo
4/30/2017 1:11:38;Campana;Femenino;25;61;164;Metropolitana y urbana;Pocos meses;0;Sólo Estadística;4;516;7,7;1;Ambos;Secundaria incompleta;Público;Entre 4 y 10;Visitas a parques nacionales o centros recreativos, Salidas con amigos;Visitas a parques nacionales o centros recreativos;Netflix o servicios similares;Entre 5000 y 10000 colones;Acompañado (a);5;2;3;Estar saludable;Actividades aeróbicas (correr, nadar);Motivación de otra persona;6;5 o más veces por semana;Géneros tropicales (bachata, salsa, merengue, etc);Clásica/ ópera/ instrumental;Creativo (a), Introvertido (a);No;Muy importante;Siempre;Otro familiar;Depuración de bases de datos;0;0;1;0;1;2;1;2;0;2;7,5;7;7,5;7,5;8;9;8;7,5;7;7,5;8,5;8;90;80;70;85;90;60;90;95;40;Dos;Ninguno;Ninguna;Uno;Ninguna;Uno;5;Si;1;Nova Cinemas;3D;Le importa algo;4;5;3;3;3;4;5;2;2;5;3;No;7;6;3;6;4;4;2;7;0;2;Facebook, Instagram, Twitter, Snapchat;Facebook;Para estar en contacto con amigos, Para contactar con amigos a los que hace tiempo que no ve;En alguna ocasión he aceptado la solicitud de alguien a quien no conocía en persona;Sí, se puede correr algún peligro;Sólo subo fotos en las que aparezco yo;1;Suelo sólo ver lo que los demás publican
4/30/2017 12:24:34;Corleone;Masculino;20;85;180;Metropolitana y urbana;Pocos meses;0;Sólo Estadística;4;760;9,06;1;Ambos;Universidad completa;Privado;Más de 10;Videojuegos, Netflix o servicios similares, Música (ya sea por medio de Spotify o servicios similares, medios físicos, conciertos…), Cine o teatro, Visitas a parques nacionales o centros recreativos;Música (ya sea por medio de Spotify o servicios similares, medios físicos, conciertos…);Salidas con amigos;Entre 25000 y 50000 colones;Solo (a);5;1;0,5;Estar saludable;Actividades aeróbicas (correr, nadar);Por voluntad propia;5;5 o más veces por semana;Rock/Rock alternativo/Rock clásico;Electrónica;Alta autoestima, Creativo (a), Extrovertido (a), Sensible, Desordenado (a);Sí;Muy importante;Bastantes veces;Otro;Enseñanza de la Estadística;0;0;0;0;2;4;0;5;0;0;9;10;9,5;10;10;9;9;9,5;8,5;8;8,5;8;80;100;90;100;80;60;95;80;70;Dos;Ninguno;Ninguna;Uno;Ninguna;Ninguna;4;Si;1;Cinépolis;2D;No le importa;5;3;4;5;4;1;2;1;2;2;4;No;5;14;10;3;5;4;0;2;0;2;Facebook, Instagram, Twitter, Snapchat;Twitter;Otras;Sólo acepto a amigos a los que ya conozco en persona;Sí, se puede correr algún peligro;Nunca subo fotos mías o de mis amigos;0,5;Suelo ver más lo que publican los otros y en ocasiones comento algo
4/30/2017 14:18:52;morpho;Femenino;24;53;156;Metropolitana y urbana;Más de dos años;0;Ya se graduó en otra carrera;6;540;8,23;0;Día;Universidad completa;Privado;Entre 4 y 10;Cine o teatro, Salidas con amigos;Salidas con amigos;Videojuegos;Entre 25000 y 50000 colones;Acompañado (a);5;6;30;Otra;Otra;Por voluntad propia;12;5 o más veces por semana;Rock/Rock alternativo/Rock clásico;Otros;Creativo (a), Extrovertido (a), Desordenado (a);No;Muy importante;Bastantes veces;Otro;Diseños experimentales;1;2;4;0;0;0;0;1;0;0;75;80;75;80;80;85;90;85;70;70;80;85;100;80;90;60;90;100;100;100;100;Tres;Ninguno;Ninguna;Más de tres;Ninguna;Más de tres;4;No;0;Cinépolis;2D;No le importa;5;3;3;5;3;1;2;5;3;5;5;Sí;2;7;7;7;7;7;2;7;1;2;Facebook, Instagram, Snapchat;Instagram;Para estar en contacto con amigos, Networking: posibilidad de hacer negocios, Necesidad laboral o profesional;Acepto a mis amigos, y también a amigos de mis amigos, aunque no los conozca en persona;Sí, se puede correr algún peligro;Subo sólo algunas fotos, independientemente de quién salga en ellas;2;Suelo ver más lo que publican los otros y en ocasiones comento algo
5/1/2017 14:28:14;Bebé;Femenino;21;66;178;No metropolitana o rural;Entre uno y dos años;3;Sólo Estadística;5;621;8,24;1;Noche;Universidad completa;Público;Entre 4 y 10;Salidas con amigos;Salidas con amigos;Videojuegos;Entre 10000 y 25000 colones;Acompañado (a);3;0;0;No realiza ninguna actividad física;No realiza ninguna actividad física;No realiza ninguna actividad física;15;1 o 2 veces por semana;Reggaetón;Clásica/ ópera/ instrumental;Alta autoestima, Creativo (a), Sensible;No;Nada importante;Pocas veces;Su pareja sentimental;Diseños experimentales;0;0;1;0;0;0;1;1;0;1;8,5;7;8,5;9;8;8;8,5;8,5;7,5;7,5;8;8,5;90;80;80;75;80;90;70;75;70;Dos;Uno;Ninguna;Dos;Ninguna;Dos;20;Si;0;CCM Cinemas;3D;Le importa algo;5;5;1;1;4;1;5;3;5;1;6;No;7;6;3;7;7;6;7;7;0;5;Facebook, Instagram, Snapchat;Facebook;Networking: posibilidad de hacer negocios;Sólo acepto a amigos a los que ya conozco en persona;Sí, se puede correr algún peligro;Subo sólo algunas fotos, independientemente de quién salga en ellas;3;Suelo ver más lo que publican los otros y en ocasiones comento algo
